Timestamp,Target_Current,Amps_Squared,Target_RPM,Actual_Current,Fan_RPM,PWM_Duty,Tamb_C,Thot_C,Tcold_C
1780916365,0.25,0.0625,4000,0.248,4031,237,32.375,35,26.5
1780916366,0.25,0.0625,4000,0.248,3920,242,32.375,35.125,26.5
1780916367,0.25,0.0625,4000,0.248,3996,238,32.375,35.125,26.5
1780916368,0.25,0.0625,4000,0.248,4074,234,32.375,35,26.5
1780916548,0.5,0.25,4000,0.502,3988,235,32.25,35.25,21
1780916549,0.5,0.25,4000,0.501,3995,235,32.25,35.188,21
1780916550,0.5,0.25,4000,0.501,3988,234,32.313,35.188,21
1780916551,0.5,0.25,4000,0.502,4023,234,32.313,35.125,21
1780916733,0.75,0.5625,4000,0.755,3996,233,32.25,35.563,16.25
1780916734,0.75,0.5625,4000,0.755,4063,232,32.25,35.688,16
1780916735,0.75,0.5625,4000,0.755,4036,231,32.25,35.75,16.062
1780916736,0.75,0.5625,4000,0.754,4047,231,32.25,35.75,16.125
1780916925,1,1,4000,1.007,4073,232,32.188,36,12
1780916926,1,1,4000,1.007,3999,235,32.188,35.938,12
1780916927,1,1,4000,1.007,3993,234,32.188,35.875,12
1780916928,1,1,4000,1.007,3937,236,32.188,36,11.938
1780917122,1.25,1.5625,4000,1.258,4005,232,32.25,36.813,8.25
1780917123,1.25,1.5625,4000,1.259,4019,232,32.25,37,8.25
1780917124,1.25,1.5625,4000,1.259,4025,232,32.25,36.875,8.25
1780917125,1.25,1.5625,4000,1.259,3971,235,32.25,36.813,8.25
1780917337,1.5,2.25,4000,1.51,4059,230,32.313,37.563,5
1780917338,1.5,2.25,4000,1.51,4009,231,32.313,37.625,5.062
1780917339,1.5,2.25,4000,1.51,4035,230,32.313,37.563,5
1780917340,1.5,2.25,4000,1.511,4021,230,32.313,37.5,5.062
1780917540,1.75,3.0625,4000,1.761,4023,232,32.438,38.375,2.5
1780917541,1.75,3.0625,4000,1.763,3944,236,32.438,38.375,2.5
1780917542,1.75,3.0625,4000,1.763,3978,235,32.438,38.375,2.5
1780917543,1.75,3.0625,4000,1.763,3988,236,32.438,38.438,2.5
1780918232,0.25,0.0625,4000,0.25,3994,237,32.563,35.125,26.5
1780918233,0.25,0.0625,4000,0.249,4065,236,32.563,35.063,26.5
1780918234,0.25,0.0625,4000,0.249,4022,235,32.5,35,26.5
1780918235,0.25,0.0625,4000,0.249,3976,237,32.5,35.063,26.5
1780918417,0.5,0.25,4000,0.502,3986,239,32.5,35.438,21
1780918418,0.5,0.25,4000,0.502,4058,237,32.5,35.563,21
1780918419,0.5,0.25,4000,0.503,4093,233,32.5,35.313,21
1780918420,0.5,0.25,4000,0.502,4034,233,32.5,35.375,21
1780919036,0.25,0.0625,4000,0.248,3992,237,32.313,35.063,26.5
1780919037,0.25,0.0625,4000,0.248,4052,235,32.313,34.938,26.5
1780919038,0.25,0.0625,4000,0.248,4031,235,32.313,35.063,26.5
1780919039,0.25,0.0625,4000,0.248,3947,238,32.313,35,26.5
1780919227,0.5,0.25,4000,0.501,4033,235,32.375,35.563,21.062
1780919228,0.5,0.25,4000,0.501,4000,237,32.375,35.375,21.062
1780919229,0.5,0.25,4000,0.501,3952,238,32.375,35.438,21
1780919230,0.5,0.25,4000,0.5,4030,235,32.438,35.438,21
1780919419,0.75,0.5625,4000,0.753,3993,235,32.438,35.813,16.25
1780919420,0.75,0.5625,4000,0.754,3953,237,32.438,35.938,16.25
1780919421,0.75,0.5625,4000,0.754,3946,238,32.438,35.688,16.25
1780919422,0.75,0.5625,4000,0.754,4032,234,32.438,35.625,16.25
1780919605,1,1,4000,1.006,3984,234,32.5,36.313,12.25
1780919606,1,1,4000,1.007,4018,234,32.5,36.375,12.25
1780919607,1,1,4000,1.007,4005,235,32.438,36.313,12.188
1780919608,1,1,4000,1.006,3952,239,32.438,36.375,12.25
1780919801,1.25,1.5625,4000,1.259,3985,236,32.5,36.813,8.5
1780919802,1.25,1.5625,4000,1.258,3957,239,32.5,36.813,8.5
1780919803,1.25,1.5625,4000,1.258,4061,236,32.5,37.125,8.5
1780919804,1.25,1.5625,4000,1.259,4075,234,32.5,36.813,8.5
1780920006,1.5,2.25,4000,1.51,3981,236,32.5,37.875,5.25
1780920007,1.5,2.25,4000,1.51,4057,232,32.5,37.563,5.25
1780920008,1.5,2.25,4000,1.511,4030,233,32.5,37.625,5.25
1780920009,1.5,2.25,4000,1.509,4001,234,32.5,37.875,5.25
1780920209,1.75,3.0625,4000,1.762,3992,237,32.563,38.25,2.5
1780920210,1.75,3.0625,4000,1.763,3980,237,32.563,38.5,2.5
1780920211,1.75,3.0625,4000,1.762,4019,236,32.563,38.25,2.5
1780920212,1.75,3.0625,4000,1.762,4004,237,32.5,38.5,2.5
1780920426,2,4,4000,2.015,4024,235,32.625,39.313,0
1780920427,2,4,4000,2.014,3997,234,32.625,39.438,0
1780920428,2,4,4000,2.014,4019,234,32.625,39.313,0
1780920429,2,4,4000,2.015,3956,235,32.563,39.125,0
1780920638,2.25,5.0625,4000,2.266,3946,237,32.5,40,-2
1780920639,2.25,5.0625,4000,2.267,4003,235,32.5,39.938,-2
1780920640,2.25,5.0625,4000,2.265,3982,237,32.5,39.813,-2
1780920641,2.25,5.0625,4000,2.265,4005,236,32.438,40.313,-2
1780920844,2.5,6.25,4000,2.519,4063,232,32.438,41.188,-3.688
1780920845,2.5,6.25,4000,2.518,4006,234,32.438,41.063,-3.75
1780920846,2.5,6.25,4000,2.518,3973,235,32.438,41.25,-3.75
1780920847,2.5,6.25,4000,2.518,3981,235,32.438,41.188,-3.75
1780921049,2.75,7.5625,4000,2.77,4024,233,32.5,42.563,-4.75
1780921050,2.75,7.5625,4000,2.769,3967,236,32.5,42.875,-4.812
1780921051,2.75,7.5625,4000,2.77,4018,234,32.5,42.5,-4.812
1780921052,2.75,7.5625,4000,2.768,4005,233,32.5,42.438,-4.812
1780921269,3,9,4000,3.021,4036,232,32.5,43.813,-5.75
1780921270,3,9,4000,3.018,4013,233,32.438,43.938,-5.75
1780921271,3,9,4000,3.02,3988,234,32.438,44.063,-5.75
1780921272,3,9,4000,3.021,4016,233,32.5,43.875,-5.75
1780921487,3.25,10.5625,4000,3.272,3950,237,32.688,45.25,-6.25
1780921488,3.25,10.5625,4000,3.274,3966,237,32.688,45.188,-6.25
1780921489,3.25,10.5625,4000,3.271,3975,236,32.688,45.375,-6.25
1780921490,3.25,10.5625,4000,3.272,3974,237,32.688,45.25,-6.25
1780921714,3.5,12.25,4000,3.522,3955,234,32.75,46.625,-6.75
1780921715,3.5,12.25,4000,3.522,4023,232,32.75,46.688,-6.75
1780921716,3.5,12.25,4000,3.522,3984,233,32.75,46.688,-6.75
1780921717,3.5,12.25,4000,3.524,3977,234,32.75,46.813,-6.75
1780921962,3.75,14.0625,4000,3.776,4029,234,32.563,48.313,-6.75
1780921963,3.75,14.0625,4000,3.77,4046,232,32.563,48.25,-6.75
1780921964,3.75,14.0625,4000,3.775,3956,235,32.563,48.188,-6.75
1780921965,3.75,14.0625,4000,3.775,4022,234,32.563,48.25,-6.75
1780922209,4,16,4000,4.025,4022,232,32.5,50,-6.562
1780922210,4,16,4000,4.025,3966,234,32.563,50,-6.5
1780922211,4,16,4000,4.028,4010,232,32.5,49.813,-6.5
1780922212,4,16,4000,4.027,3976,234,32.563,49.875,-6.5
1780922636,0.25,0.0625,3800,0.254,3734,225,32.188,35,26
1780922637,0.25,0.0625,3800,0.254,3870,220,32.125,34.813,26
1780922638,0.25,0.0625,3800,0.254,3852,219,32.125,35.125,26
1780922639,0.25,0.0625,3800,0.254,3838,220,32.125,35.063,26
1780922827,0.5,0.25,3800,0.506,3749,223,32.25,35.313,20.75
1780922828,0.5,0.25,3800,0.506,3805,222,32.25,35.313,20.75
1780922829,0.5,0.25,3800,0.506,3772,223,32.25,35.375,20.75
1780922830,0.5,0.25,3800,0.506,3742,224,32.25,35.313,20.75
1780923022,0.75,0.5625,3800,0.758,3810,223,32.313,36,16
1780923023,0.75,0.5625,3800,0.758,3739,226,32.313,35.813,16
1780923024,0.75,0.5625,3800,0.757,3786,225,32.313,36.063,16
1780923025,0.75,0.5625,3800,0.757,3848,220,32.25,35.938,16
1780923222,1,1,3800,1.01,3791,221,32.313,36.438,12
1780923223,1,1,3800,1.009,3824,220,32.313,36.5,12
1780923224,1,1,3800,1.009,3803,221,32.313,36.625,12
1780923225,1,1,3800,1.009,3810,220,32.313,36.375,12
1780923434,1.25,1.5625,3800,1.261,3826,221,32.375,37.063,8.25
1780923435,1.25,1.5625,3800,1.261,3739,224,32.375,37.188,8.25
1780923436,1.25,1.5625,3800,1.26,3844,222,32.375,37.313,8.25
1780923437,1.25,1.5625,3800,1.262,3818,223,32.375,37.313,8.25
1780923639,1.5,2.25,3800,1.513,3773,224,32.375,37.625,5.25
1780923640,1.5,2.25,3800,1.512,3820,221,32.375,37.75,5.25
1780923641,1.5,2.25,3800,1.513,3747,223,32.375,37.813,5.25
1780923642,1.5,2.25,3800,1.512,3836,220,32.375,37.813,5.25
1780923849,1.75,3.0625,3800,1.764,3792,221,32.375,38.5,2.438
1780923850,1.75,3.0625,3800,1.765,3764,224,32.375,38.625,2.375
1780923851,1.75,3.0625,3800,1.764,3805,223,32.375,38.625,2.313
1780923852,1.75,3.0625,3800,1.765,3831,220,32.375,38.375,2.438
1780924065,2,4,3800,2.016,3817,221,32.313,39.563,0
1780924066,2,4,3800,2.016,3845,219,32.313,39.25,0
1780924067,2,4,3800,2.014,3791,221,32.313,39.25,0
1780924068,2,4,3800,2.016,3792,220,32.313,39.563,0
1780924271,2.25,5.0625,3800,2.266,3838,221,32.25,40.375,-1.812
1780924272,2.25,5.0625,3800,2.266,3763,224,32.313,40.563,-1.937
1780924273,2.25,5.0625,3800,2.267,3814,221,32.25,40.438,-1.937
1780924274,2.25,5.0625,3800,2.268,3814,222,32.25,40.438,-2
1780924496,2.5,6.25,3800,2.518,3754,223,32.375,41.563,-3.5
1780924497,2.5,6.25,3800,2.519,3805,223,32.375,41.438,-3.375
1780924498,2.5,6.25,3800,2.519,3810,222,32.375,41.563,-3.375
1780924499,2.5,6.25,3800,2.518,3834,219,32.375,41.75,-3.313
1780924710,2.75,7.5625,3800,2.77,3819,221,32.375,43.188,-4.5
1780924711,2.75,7.5625,3800,2.771,3774,223,32.375,43.313,-4.5
1780924712,2.75,7.5625,3800,2.771,3836,220,32.375,43.125,-4.5
1780924713,2.75,7.5625,3800,2.77,3832,220,32.438,43,-4.5
1780924925,3,9,3800,3.022,3837,220,32.375,44.438,-5.5
1780924926,3,9,3800,3.022,3779,223,32.375,44.5,-5.5
1780924927,3,9,3800,3.021,3806,221,32.375,44.625,-5.5
1780924928,3,9,3800,3.022,3820,220,32.375,44.5,-5.5
1780925161,3.25,10.5625,3800,3.273,3761,222,32.375,45.813,-6
1780925162,3.25,10.5625,3800,3.271,3856,219,32.375,45.813,-6
1780925163,3.25,10.5625,3800,3.271,3794,220,32.375,45.813,-6
1780925164,3.25,10.5625,3800,3.273,3795,220,32.375,45.875,-6.062
1780925402,3.5,12.25,3800,3.525,3800,222,32.313,47.25,-6.5
1780925403,3.5,12.25,3800,3.523,3790,222,32.313,47.5,-6.375
1780925404,3.5,12.25,3800,3.523,3807,221,32.375,47.5,-6.25
1780925405,3.5,12.25,3800,3.524,3808,220,32.313,47.313,-6.312
1780925649,3.75,14.0625,3800,3.775,3750,223,32.375,49.063,-6.25
1780925650,3.75,14.0625,3800,3.776,3805,221,32.375,49.063,-6.25
1780925651,3.75,14.0625,3800,3.774,3827,219,32.375,49.25,-6.312
1780925652,3.75,14.0625,3800,3.771,3776,221,32.375,49,-6.25
1780925883,4,16,3800,4.027,3797,219,32.5,50.875,-6
1780925884,4,16,3800,4.028,3757,221,32.438,50.938,-6
1780925885,4,16,3800,4.023,3838,219,32.5,50.75,-6
1780925886,4,16,3800,4.023,3805,218,32.5,50.875,-6
1780926178,0.25,0.0625,3600,0.255,3552,212,32.438,35.5,26.5
1780926179,0.25,0.0625,3600,0.255,3722,206,32.438,35.5,26.5
1780926180,0.25,0.0625,3600,0.255,3513,214,32.438,35.5,26.5
1780926181,0.25,0.0625,3600,0.255,3746,203,32.438,35.438,26.5
1780926362,0.5,0.25,3600,0.506,3561,214,32.438,35.438,20.937
1780926363,0.5,0.25,3600,0.506,3728,205,32.438,35.438,21
1780926364,0.5,0.25,3600,0.506,3586,205,32.438,35.688,21
1780926365,0.5,0.25,3600,0.506,3501,209,32.438,35.625,20.937
1780926561,0.75,0.5625,3600,0.758,3694,209,32.438,35.938,16.25
1780926562,0.75,0.5625,3600,0.758,3518,215,32.438,36,16.25
1780926563,0.75,0.5625,3600,0.757,3584,212,32.438,36,16.25
1780926564,0.75,0.5625,3600,0.758,3700,208,32.438,35.875,16.125
1780926781,1,1,3600,1.01,3596,207,32.375,36.438,11.75
1780926782,1,1,3600,1.009,3519,209,32.438,36.25,11.75
1780926783,1,1,3600,1.01,3662,204,32.375,36.438,11.813
1780926784,1,1,3600,1.01,3631,205,32.375,36.5,11.875
1780926991,1.25,1.5625,3600,1.26,3581,213,32.313,37,8.25
1780926992,1.25,1.5625,3600,1.261,3564,212,32.313,36.938,8.25
1780926993,1.25,1.5625,3600,1.261,3673,210,32.313,36.813,8.25
1780926994,1.25,1.5625,3600,1.261,3525,214,32.313,36.375,8.25
1780927203,1.5,2.25,3600,1.513,3716,207,32.313,37.063,5
1780927204,1.5,2.25,3600,1.513,3517,215,32.313,37.438,5
1780927205,1.5,2.25,3600,1.513,3586,212,32.313,37.188,5
1780927206,1.5,2.25,3600,1.512,3706,207,32.25,37.563,5
1780929484,0.25,0.0625,4000,0.249,3981,241,32,34.625,26.25
1780929485,0.25,0.0625,4000,0.249,4050,239,32,34.688,26.25
1780929486,0.25,0.0625,4000,0.248,3975,240,32,34.688,26.125
1780929487,0.25,0.0625,4000,0.249,4023,237,32,34.75,26.25
1780929671,0.5,0.25,4000,0.502,4021,234,31.937,34.813,20.625
1780929672,0.5,0.25,4000,0.502,3941,238,31.937,34.875,20.625
1780929673,0.5,0.25,4000,0.502,4050,235,31.937,34.688,20.625
1780929674,0.5,0.25,4000,0.502,3960,237,31.937,34.813,20.562
1780929860,0.75,0.5625,4000,0.755,4059,235,31.937,35.313,15.75
1780929861,0.75,0.5625,4000,0.755,4001,235,31.937,35.188,15.75
1780929862,0.75,0.5625,4000,0.755,3984,236,31.937,35.25,15.75
1780929863,0.75,0.5625,4000,0.755,3929,240,31.937,35,15.75
1780930069,1,1,4000,1.006,3952,237,31.937,35.75,11.5
1780930070,1,1,4000,1.008,3993,236,31.937,35.813,11.5
1780930071,1,1,4000,1.007,4035,234,31.875,35.75,11.5
1780930072,1,1,4000,1.007,3979,236,31.937,35.813,11.5
1780930264,1.25,1.5625,4000,1.26,4042,234,31.875,36.25,7.937
1780930265,1.25,1.5625,4000,1.259,4033,234,31.875,36.313,7.875
1780930266,1.25,1.5625,4000,1.259,3979,236,31.875,36.313,7.812
1780930267,1.25,1.5625,4000,1.258,3995,236,31.875,36.125,7.937
1780930470,1.5,2.25,4000,1.511,3993,237,31.875,37.063,4.75
1780930471,1.5,2.25,4000,1.51,4014,237,31.875,36.813,4.75
1780930472,1.5,2.25,4000,1.512,3947,240,31.875,36.813,4.75
1780930473,1.5,2.25,4000,1.511,3999,239,31.875,36.938,4.75
1780930677,1.75,3.0625,4000,1.761,4020,235,31.937,37.813,1.875
1780930678,1.75,3.0625,4000,1.764,3954,238,31.937,37.75,2
1780930679,1.75,3.0625,4000,1.763,3955,239,31.937,37.875,2
1780930680,1.75,3.0625,4000,1.764,4038,236,31.937,37.688,2
1780930900,2,4,4000,2.015,3957,239,32,38.375,-0.5
1780930901,2,4,4000,2.014,3972,238,32,38.563,-0.5
1780930902,2,4,4000,2.014,4045,235,32,38.813,-0.5
1780930903,2,4,4000,2.016,3987,235,32,38.625,-0.5
1780931113,2.25,5.0625,4000,2.266,3984,236,32,39.75,-2.5
1780931114,2.25,5.0625,4000,2.267,4032,236,32.063,39.688,-2.5
1780931115,2.25,5.0625,4000,2.268,4070,234,32,39.75,-2.5
1780931116,2.25,5.0625,4000,2.267,4017,234,32,39.625,-2.5
1780931327,2.5,6.25,4000,2.517,3994,235,32,40.563,-4.062
1780931328,2.5,6.25,4000,2.517,4029,234,32,40.563,-4.062
1780931329,2.5,6.25,4000,2.517,3990,234,32,40.375,-4
1780931330,2.5,6.25,4000,2.517,4016,233,32,40.563,-4
1780931546,2.75,7.5625,4000,2.769,3984,237,32,42.063,-5.25
1780931547,2.75,7.5625,4000,2.768,4031,236,32,42,-5.25
1780931548,2.75,7.5625,4000,2.77,4030,235,32,41.813,-5.25
1780931549,2.75,7.5625,4000,2.767,3971,236,32,42.125,-5.25
1780931776,3,9,4000,3.022,4000,236,31.812,43.5,-6
1780931777,3,9,4000,3.023,4011,236,31.812,43.313,-6
1780931778,3,9,4000,3.022,4017,235,31.812,43.5,-6.062
1780931779,3,9,4000,3.022,4050,233,31.812,43.438,-6.062
1780932020,3.25,10.5625,4000,3.27,3957,237,31.75,44.688,-6.75
1780932021,3.25,10.5625,4000,3.272,3997,236,31.687,44.5,-6.812
1780932022,3.25,10.5625,4000,3.274,4010,234,31.75,44.5,-6.75
1780932023,3.25,10.5625,4000,3.276,4023,233,31.687,44.5,-6.812
1780932224,3.5,12.25,4000,3.523,3944,237,31.687,45.813,-5.75
1780932225,3.5,12.25,4000,3.52,4026,235,31.625,45.688,-5.75
1780932226,3.5,12.25,4000,3.523,4039,233,31.625,45.5,-5.812
1780932227,3.5,12.25,4000,3.526,3993,234,31.687,45.813,-6
1780932614,3.75,14.0625,4000,3.776,3985,233,31.375,47.563,-7.375
1780932615,3.75,14.0625,4000,3.775,4015,233,31.437,47.688,-7.312
1780932616,3.75,14.0625,4000,3.772,3966,234,31.437,47.75,-7.375
1780932617,3.75,14.0625,4000,3.774,4026,232,31.437,47.5,-7.312
1780932825,4,16,4000,4.022,4020,233,31.687,49.313,-7
1780932826,4,16,4000,4.028,4010,232,31.687,49.625,-7
1780932827,4,16,4000,4.028,4017,232,31.687,49.438,-7
1780932828,4,16,4000,4.024,3974,233,31.687,49.688,-7
